{"bagData":{},"charactorDatas":{"5d484584-1efe-4d84-8b6a-73dbda22edb5":{"haveId":true,"id":"5d484584-1efe-4d84-8b6a-73dbda22edb5","type":4,"maxHealth":5,"nowHealth":5,"positon":{"positionX":-55.44,"positionY":-29.06544,"positionZ":0}},"52ad958b-66f5-423c-986d-b836fee6286a":{"haveId":true,"id":"52ad958b-66f5-423c-986d-b836fee6286a","type":0,"maxHealth":30,"nowHealth":30,"positon":{"positionX":60.44261,"positionY":14.96111,"positionZ":0}},"7ff99c13-109d-4119-87f1-ac8abe51fd37":{"haveId":true,"id":"7ff99c13-109d-4119-87f1-ac8abe51fd37","type":1,"maxHealth":30,"nowHealth":30,"positon":{"positionX":28.77,"positionY":4.970274,"positionZ":0}},"5226c8b9-5821-45ca-b7dc-d8e2523f80b3":{"haveId":true,"id":"5226c8b9-5821-45ca-b7dc-d8e2523f80b3","type":0,"maxHealth":30,"nowHealth":30,"positon":{"positionX":-41.98999,"positionY":4.962177,"positionZ":0}},"4b087508-aec4-4f40-8bd2-9d981cfad347":{"haveId":true,"id":"4b087508-aec4-4f40-8bd2-9d981cfad347","type":1,"maxHealth":30,"nowHealth":30,"positon":{"positionX":-12.84,"positionY":-21.02789,"positionZ":0}},"697870b3-bd5b-4dd9-bc45-fc60a69a6963":{"haveId":true,"id":"697870b3-bd5b-4dd9-bc45-fc60a69a6963","type":0,"maxHealth":30,"nowHealth":30,"positon":{"positionX":39.15,"positionY":-17.03866,"positionZ":0}},"a8dd4788-c0fc-434b-9b52-122dd1101a83":{"haveId":true,"id":"a8dd4788-c0fc-434b-9b52-122dd1101a83","type":1,"maxHealth":30,"nowHealth":30,"positon":{"positionX":31.49,"positionY":-29.02775,"positionZ":0}},"ed26eaeb-136c-49a4-8f1a-2477a718097d":{"haveId":true,"id":"ed26eaeb-136c-49a4-8f1a-2477a718097d","type":2,"maxHealth":30,"nowHealth":30,"positon":{"positionX":-46.69999,"positionY":21.1,"positionZ":0}},"a617d7cc-4aab-4957-802a-0814cc73dc9d":{"haveId":true,"id":"a617d7cc-4aab-4957-802a-0814cc73dc9d","type":2,"maxHealth":30,"nowHealth":30,"positon":{"positionX":-36.9,"positionY":-2.8,"positionZ":0}},"99b2f127-5845-4b7c-ae05-63c588dd416a":{"haveId":true,"id":"99b2f127-5845-4b7c-ae05-63c588dd416a","type":2,"maxHealth":30,"nowHealth":30,"positon":{"positionX":29.4,"positionY":-11.1,"positionZ":0}},"ec66b5ed-3cea-4923-8f25-b9ac95343a7f":{"haveId":true,"id":"ec66b5ed-3cea-4923-8f25-b9ac95343a7f","type":2,"maxHealth":30,"nowHealth":30,"positon":{"positionX":42.5,"positionY":19.6,"positionZ":0}},"be85f0a0-d297-4621-9ab3-9fa1c1490991":{"haveId":true,"id":"be85f0a0-d297-4621-9ab3-9fa1c1490991","type":1,"maxHealth":30,"nowHealth":30,"positon":{"positionX":-87.94,"positionY":14.96896,"positionZ":0}},"1fd8721e-f6c3-41f9-bcda-a73f950a657f":{"haveId":true,"id":"1fd8721e-f6c3-41f9-bcda-a73f950a657f","type":1,"maxHealth":30,"nowHealth":30,"positon":{"positionX":-117.23,"positionY":4.970274,"positionZ":0}},"400f6687-19e6-42ef-ad4d-90eb6c46a32e":{"haveId":true,"id":"400f6687-19e6-42ef-ad4d-90eb6c46a32e","type":1,"maxHealth":30,"nowHealth":30,"positon":{"positionX":-187.95,"positionY":4.970025,"positionZ":0}},"3942d8d5-fd5e-48ad-bf08-ee2968f30f83":{"haveId":true,"id":"3942d8d5-fd5e-48ad-bf08-ee2968f30f83","type":1,"maxHealth":30,"nowHealth":30,"positon":{"positionX":-158.84,"positionY":-21.02789,"positionZ":0}},"a180da8e-230b-446e-b004-344ff2d7d49b":{"haveId":true,"id":"a180da8e-230b-446e-b004-344ff2d7d49b","type":0,"maxHealth":30,"nowHealth":30,"positon":{"positionX":-106.85,"positionY":-17.03866,"positionZ":0}},"29414e30-a7a2-4b0b-9292-b8bbeeba9d1c":{"haveId":true,"id":"29414e30-a7a2-4b0b-9292-b8bbeeba9d1c","type":1,"maxHealth":30,"nowHealth":30,"positon":{"positionX":-114.51,"positionY":-29.02775,"positionZ":0}},"8c1c850d-fc20-4955-bc97-960efc2b3781":{"haveId":true,"id":"8c1c850d-fc20-4955-bc97-960efc2b3781","type":2,"maxHealth":30,"nowHealth":30,"positon":{"positionX":-192.7,"positionY":21.1,"positionZ":0}},"6704a1cf-37d3-468f-a009-189deb096738":{"haveId":true,"id":"6704a1cf-37d3-468f-a009-189deb096738","type":2,"maxHealth":30,"nowHealth":30,"positon":{"positionX":-182.9,"positionY":-2.8,"positionZ":0}},"bde5fec0-1d15-44bc-97ac-742f28059fb0":{"haveId":true,"id":"bde5fec0-1d15-44bc-97ac-742f28059fb0","type":2,"maxHealth":30,"nowHealth":30,"positon":{"positionX":-116.6,"positionY":-11.1,"positionZ":0}},"b1a63b22-c4b6-40ca-8e57-b9c700ca36fb":{"haveId":true,"id":"b1a63b22-c4b6-40ca-8e57-b9c700ca36fb","type":2,"maxHealth":30,"nowHealth":30,"positon":{"positionX":-103.5,"positionY":19.6,"positionZ":0}},"355368d3-5147-431c-ae3c-230450ee93a9":{"haveId":true,"id":"355368d3-5147-431c-ae3c-230450ee93a9","type":0,"maxHealth":30,"nowHealth":30,"positon":{"positionX":-85.55739,"positionY":89.96138,"positionZ":0}},"d57b669d-c43c-4a40-a21c-48d2fbc2cd11":{"haveId":true,"id":"d57b669d-c43c-4a40-a21c-48d2fbc2cd11","type":1,"maxHealth":30,"nowHealth":30,"positon":{"positionX":-117.23,"positionY":79.9706,"positionZ":0}},"7001a99f-54a5-40ee-9b96-f552540f2f0d":{"haveId":true,"id":"7001a99f-54a5-40ee-9b96-f552540f2f0d","type":0,"maxHealth":30,"nowHealth":30,"positon":{"positionX":-187.99,"positionY":79.96255,"positionZ":0}},"dd0afb97-b7ea-4c69-852d-e1e6e156838a":{"haveId":true,"id":"dd0afb97-b7ea-4c69-852d-e1e6e156838a","type":1,"maxHealth":30,"nowHealth":30,"positon":{"positionX":-158.84,"positionY":53.97186,"positionZ":0}},"90a80257-5f6f-4769-81f6-ce235fcf0494":{"haveId":true,"id":"90a80257-5f6f-4769-81f6-ce235fcf0494","type":1,"maxHealth":30,"nowHealth":30,"positon":{"positionX":-106.81,"positionY":57.96896,"positionZ":0}},"9afb4392-f375-4d52-865e-0522fdbb5733":{"haveId":true,"id":"9afb4392-f375-4d52-865e-0522fdbb5733","type":0,"maxHealth":30,"nowHealth":30,"positon":{"positionX":-114.55,"positionY":45.9641,"positionZ":0}},"69e71d33-2d05-4308-84b0-5dc8412e3a65":{"haveId":true,"id":"69e71d33-2d05-4308-84b0-5dc8412e3a65","type":2,"maxHealth":30,"nowHealth":30,"positon":{"positionX":-192.7,"positionY":96.1,"positionZ":0}},"57ed8da2-3995-4233-9458-95baf4565a17":{"haveId":true,"id":"57ed8da2-3995-4233-9458-95baf4565a17","type":2,"maxHealth":30,"nowHealth":30,"positon":{"positionX":-182.9,"positionY":72.2,"positionZ":0}},"80cd266b-2d8a-4711-ba0a-91c12bbafe8f":{"haveId":true,"id":"80cd266b-2d8a-4711-ba0a-91c12bbafe8f","type":2,"maxHealth":30,"nowHealth":30,"positon":{"positionX":-116.6,"positionY":63.9,"positionZ":0}},"36912fb2-bf68-49a1-8478-613906192f72":{"haveId":true,"id":"36912fb2-bf68-49a1-8478-613906192f72","type":2,"maxHealth":30,"nowHealth":30,"positon":{"positionX":-103.5,"positionY":94.6,"positionZ":0}},"ec57e423-3251-4cef-9a04-9561f79a4cef":{"haveId":true,"id":"ec57e423-3251-4cef-9a04-9561f79a4cef","type":3,"maxHealth":100,"nowHealth":100,"positon":{"positionX":-338.7742,"positionY":46.14751,"positionZ":0}}},"roomsData":{"Room0":{"positon":{"positionX":0,"positionY":0,"positionZ":0},"roomType":"RoomLeft","isBossRoom":false},"Room1":{"positon":{"positionX":-146,"positionY":0,"positionZ":0},"roomType":"RoomUpRight","isBossRoom":false},"Room2":{"positon":{"positionX":-146,"positionY":75,"positionZ":0},"roomType":"RoomDownLeft","isBossRoom":false},"Room3":{"positon":{"positionX":-292,"positionY":75,"positionZ":0},"roomType":"RoomBossLeft","isBossRoom":true}},"Bgm":false,"Sound":false,"BgmValue":0,"SoundValue":0}